Title,Info,Company,Company1
SOITINE / Soieries Tissages et Impressio...,Bp 93.Khoriba.Route de Ghazaouet.Nédroma...,043 32 25 73 / 043 45 21 68 / 0554 50 69 86,soitine_spa@yahoo.fr
DRAPEST / Draperie de l'Est,"Zone industrielle, route de Baghai.Bp 29...",032 73 06 56 / 032 73 06 50,drapest@yahoo.fr
TMI / Tissage Moderne Isser,"01, rue du Marché.Isser,Boumerdes,Algéri...",024 71 47 89 / 024 71 47 91,tmissers@hotmail.com
TM TEX,"Zone Industrielle.Lot n°21,Sidi Bel Abb...",048 70 32 21 / 0555 03 48 89 / 0555 03 48 87 / 0555 03 48 90 / 0559 13 55 39,contact@sarltmtex.com
TIFIB,"Zone Industrielle.Bp 130 Rp,Biskra,Algér...",033 75 41 68 / 033 75 41 83,tifib@texalg.dz
RANATEX,"175, cité Zouaghi Ain El Bey,Constantine...",,
Hidra Textiles,"60, rue Douid Mohamed .Beni Tamou,Blida,...",025 27 71 59 / 0661 67 15 34,hidratextiles@yahoo.fr
Algérie Dentelle,"Tipaza,Algérie,13, rue Daoudi Ali. Douao...",024 30 83 44,
ALFADITEX / Entreprise de Fabrication de...,"RN n°26 Remila Fenaïa .El Kseur,06310",0550 80 59 18,alfaditex.tda@gmail.com
MERIMEX,"Centre Ville .M'chedallah,Bouira,Algérie...",026 79 95 08 / 0661 62 03 49 / 0663 81 61 72,sarlmerimex@yahoo.fr
Safsi Cuir / Société Algérienne de Fabri...,"Zone industrielle Reghaia.Bp 11/2,Alger,...",023 96 77 57 / 023 96 77 37,hamilha@gmail.com
COTOSUD / Cotonnades du Sud,"Zone Industrielle Bouchakeur.Bp 1247,Lag...",029 13 38 33,coto_sud@yahoo.fr
MAF / Manufacture Algerienne de Filature...,"Zone Industrielle, Desserte n°5. Chetoua...",043 27 42 47 / 0555 07 00 50,contact@mafe.dz
BLITEX / Bonneterie & Matières Textiles,"56, rue du 17 Septembre, Zone industriel...",025 26 92 89 / 025 26 86 81 / 025 26 86 82 / 0661 53 23 24,sarlblitex@yahoo.fr
FASOLUX,"20, boulevard Zaimi Kaddour. Mouzaia,Bli...",024 24 90 85 / 0770 29 36 37 / 0770932939,fasolux@hotmail.fr
COMIBTEX,"Lot Bouaziz., n°5,Tizi Ouzou,Algérie",026 20 45 45 / 0660 44 09 89,sarlcomibtex@gmail.com
SOBITEX / Société Blidéenne des Industri...,"Lot 238, Hai les Touates.Ouled Yaich,Bli...",025 26 93 87 / 025 26 93 89 / 0661 61 01 59 / 0550 74 25 17 / 0774 03 64 43,goutexal@yahoo.fr
Ould Babali Youcef,"Rue 05 juillet,Medea,Algérie,26000",0771 44 90 79,
SOCHETEX,Route Nationale n°5. Zone industrielle R...,,sochetex@yahoo.fr
Al Fateh,"Zone industrielle, route de Biskra,Batna...",0560 02 83 23,spaelfath@yahoo.fr
L'Algerienne des Industrie Textiles TAYA...,"Zone industrielle, section 22, ilôt, pro...",046 80 29 04 / 0560 91 55 70,info@tayal.dz
TAPIDOR,Chemin Vicinal n°1. Hassiane Ettoual.310...,0555 04 20 00,contact@tapidor.net
SOCOPLAST,"16, Route de Meftah, Zone Industrielle.O...",021 51 33 15 / 021 51 63 33,socoplast2003@yahoo.fr
El Ferdaous,"Cité des 24 logts.Bel Air,Setif,Algérie",036 61 34 84 / 0770 94 12 38 / 0550 59 87 43,meguellati_abdelaziz@yahoo.fr
Sadou Abdou,"Cité 20 Aout 1955, n°6.Ouled Fayet,Alger...",0560 90 74 93 / 0559 41 94 42,eurlsadouabdou@hotmail.fr
Hammoudi abdeslam,"22, rue des Frères Baha,Jijel,Algérie,18...",034 47 17 55 / 0661 52 20 90,acimetal@hotmail.com
Leader Expo,"Villa, n° A11, Cité Cheikh El Aifa, Ain...",036 43 31 00 / 0560 40 94 23,info@leaderexpo.dz
Britex Tapis,Cité Boushaki n°14.Bab Ezzouar,0560 05 77 15 / 0560 05 77 14 / 0555 05 55 13,warda@bri-tex.com
Staoueli Textiles,"80, cité Mimosas, bt F1.Staoueli,Alger,A...",023 39 34 35 / 023 39 35 80 / 0661 51 14 30,contact@staouelitextiles.com
Chahma Mounira,"Cité RE. BP1096,Ghardaia,Algérie",0778 16 68 93 / 0782 23 33 30 / 0699 60 65 38,mountapis2000@yahoo.fr
Algérie Moquette,Bt 56 n°02. Cité 1100 logts.Dar El Beida,0660 20 82 98 / 0661 45 61 23,contact@algerie-moquette.dz
DELTASIGN,Seddouk Tibouamouchine.06000,0540 70 78 98 / 0561 29 44 87,deltasign.dz@gmail.com
Nour El Djazairi El Irani,"02, boulevard El Imam El Ghazali .El Mou...",0661 51 25 69 / 021 69 16 78 / 0672 57 72 88,youcefcherifiassima@gmail.com
Au Tisserand,"Hai Sidi Said, n°03,Tlemcen,Algérie",043 27 62 85,sarltiss@yahoo.fr
Manufacture de Tapis Berbères,"Rue de la Gare. Remchi,Tlemcen,Algérie",043 43 74 65,mhgaouar@gmail.com
Sakani Deco,"Boulevard Ariba El Houari, en face commi...",0555 04 21 29 / 0555 04 51 58,sakmaraval@yahoo.fr
Casa Tex,"Cité Bendanoune, zone industrielle, n°07...",024 97 61 83 / 0561 90 32 28 / 0550 40 31 35,eurlcasatex@yahoo.fr
Sahin Tapis,"3, cite Amarni. Baba Hassen",0561 63 21 51 / 0555 97 04 22 / 0795 99 30 88 / 0659 27 25 71,sahinpolat1977@hotmail.com
Boumedouna Hada Eps Adam,"Coop Chellaliate .Ksar Chelala,Tiaret,Al...",046 46 81 09 / 0552 21 91 46,
Benslimane Bahmed Ben Aissa,Pl du Marche,0662 17 51 77,tapis_du_mzab@yahoo.fr
DTEX Industrie,"Cité SNTP 03 groupe D, lot 02.Dar El Bei...",0661 53 35 33,bilel@deltaimport.onmicrosoft.com
SOMATEC / Société de Matériel de Campeme...,"228, Rue Mohammed Belouizdad,Alger,Algér...",021 67 31 50 / 021 67 24 24 / 0661 91 06 53 / 0770 29 44 76 / 0770 29 24 40,commercial@somatec-dz.com
LEBZA Tentes,"Cité 1 Novembre .El Chott,El Oued,Algéri...",032 10 97 41 / 0560 27 33 47 / 0560 27 33 63 / 0560 40 25 44,info@lebza-tentes.com
EATIT/ Entreprise Algérienne des Textile...,BP 52. Zone industrielle M'Sila,,tindalspa@yahoo.fr
Store Tinda et Bache,"4, rue Kaouche .Cheraga Rp,Alger,Algérie",0772 29 68 27 / 0661 89 66 05,
Bey Decor,"4, rue Said Abdeslam, cité Gotali. El Eu...",0560 32 24 40 / 0661 21 23 21,beydecor@gmail.com
MR STORE,"123, cité Khaznadar, lot el Yasmine. Ain...",031 69 25 46 / 0770 30 40 51,mstore.constantine@gmail.com
TISCOBA,"Zone industrielle de Guerrara,Ghardaia,A...",029 22 80 00 / 0560 17 88 40,info@tiscoba.com
EATIT/ Entreprise Algérienne des Textile...,"Rue Lumumba Patrice, Casbah, Alger, Bab...",,contact@eatit-dz.com
Mezaache Alla Eddine Confection Bache,Cité 700 logements,0666 90 60 08,mezimad85@gmail.com
General Top Stor,"1458, lot Compagne Semmar, lot n°1. Birk...",0669 26 91 44,contact@gtstor.dz
ALCOVEL / Algérienne des Cotonnades et V...,"Zone industrielle.Rn n°26.Akbou.Bp 63,Be...",034 33 70 15 / 034 33 79 69 / 034 33 79 70 / 0770 32 26 38,info@alcovel.com
CIRN / Comptoir International de Représe...,"03, bd Pasteur .Lot Cherbal Ain Nedjar,T...",043 41 55 29 / 0560 33 10 46,cirn_benguella@yahoo.fr
Casa Nova Tex,"Coopérative Sastra , n°1.Garidi 01,Alger...",0561 27 56 28 / 0550 43 74 30,contact@casanova-dz.com
ROSATEX / Société des Industries Textile...,Route de Soumaâ centre de Hallouya. Soum...,,
ZDH Import Export,"Centre Wilaya BP 8 .Chorfa,Bouira,Algéri...",026 79 95 15,
Belazzoug Trades,"7, rue zone industrielle lot217,Bordj Bo...",035 74 41 09 / 0550 55 01 03 / 0770 95 33 04 / 0550 64 03 45,belazzougtraders@gmail.com
Boulouza Tissu,"Cité El Hamiz,Alger,Algérie",023 85 68 46 / 0664 55 69 62 / 0558 45 06 66 / 0541 39 34 52,boulouza.tissi@gmail.com
MINIROS,"09,Hai Ben Chaoua .Kheraicia,Alger,Algér...",0550 59 15 05 / 0661 40 22 64 / 0660 40 66 20 / 0770 49,client@miniros.com
TECMECA,"Zone industrielle de Oued Smar.Bp 53M,Al...",023 92 01 64 / 0555 00 29 19 / 0555 00 29 20 / 0661 52 70 62 / 0550 66 78 47,info@tecmecasarl.com
Lux Action,"Cité Draa El Azz, lot 03, ilot 103.Ouled...",0770 92 65 30 / 0550 45 21 71,info@lux-action.com
TEXTITEC,Coopérative Safsi.Aissat Mustapha.Reghai...,023 96 78 43 / 023 96 77 57 / 0661 63 64 10 / 0555 01 06 90 / 0555 01 06 82 / 0555 01 06 82,contact@textitec.com
El Naim Net,"Cité Dekakna, Douera,Alger,Algérie",0662 73 65 65 / 0561 80 85 35,naimbouderbala16@gmail.com
TOMA NET,"Route Kadous N°07 (Ex 32), Section 02, I...",0770 86 29 50,sarltomanet@gmail.com
SEBTEX,"34, rue Sedrati Amar Chelghoum laid,Mila...",031 48 17 17 / 0560 06 00 41,sebtex70@hotmail.com
Galaxy Linge,"Cité El Chellalet. Rue Madaoui Ali, n°02...",0550 59 45 20,galaxylinge@hotmail.fr
Ghiles Tex,"Zone Industrielle n°40. Bordj Menail,Bou...",0550 05 06 26,ghilles79@hotmail.com
Filmo Plast,Zone d'activité et D'Entrepôt Guedjel (R...,0560 84 82 18 / 0560 86 52 16,cantact01@tntex.dz
Debdaba Yacine,"Lot n°11, section 13. Cité Frère Abbas....",0550 48 42 81,ydebdaba47@gmail.com
BACHICOO,"Houche Dhimet, section n°01, lot 273, n°...",0561 62 92 76 / 0550 54 18 13,bouchicoopro@gmail.com
Almod Plus,"36, boulevard d'Afrique,Annaba,Algérie",038 44 25 48 / 0552 31 63 12 / 0550 52 39 88,almodplus@yahoo.com
Supretex,"Village Bouassam.Naciria,Boumerdes,Algér...",023 49 50 14 / 023 49 50 13 / 0661 52 16 19,supratex.khettabi@gmail.com
Groupe Victoria,"Bloc A2, Cité 59 logts local N°09 Belgai...",0553 31 00 74,groupevictoria.dz@gmail.com / Sarlvictoria.dz@gmail.com
BONTI,"69, Boulevard Mabrouk Belahcene.Rais Ham...",0555 91 00 10 / 0555 91 00 01 / 0770 49 08 81 / 0550 35 24 78,bonti-16@hotmail.fr
Chaussette Oasis / Filois Socks,"Chabet El Ameur.Bp 68,Boumerdes,Algérie",024 78 98 95 / 024 78 98 96 / 0550 87 38 56 / 0661 53 27 24,bil_dz2005@yahoo.fr
Etoile Filante / Mansouri Ali,"Bt B2,n°607.Cité Pépinière 368 logts,Bej...",034 16 05 33 / 034 16 04 99 / 0661 63 26 10,etoilefilantesport@yahoo.fr
FALEC,"Zone d'Activité, lot 2, îlot n°3.Oued Tl...",041 25 20 25 / 0770 44 23 48 / 0661 21 67 57,sarlfalec@yahoo.com
Oasis Ikhoua Mouas,"Rue Touabi Ahmed Chabet El Ameur.Bp 68A,...",024 78 98 95 / 024 78 98 96 / 0664 57 67 40,bil-dz2005@yahoo.fr
Chaussettes 2000,"Zone industrielle de Kherrouba, lot n°32...",024 98 91 08 / 0661 50 38 06,chaussettes2000.amine@hotmail.com
Bennacer Chaussette,"Zone Industrielle Grara,Ghardaia,Algérie",0672 25 91 94 / 0672 25 91 94,ets.bennacer@yahoo.fr
SAFILCO / Société Aurassienne de Filatur...,"Route de Batna BP 22 .Ain Djasser,Batna,...",033 98 70 70 / 033 33 51 43 / 0561 64 00 43,safilco@yahoo.fr
BEJE / Bejaia Emballages,"Route des Aurès.Ihaddaden.Bp 20,Bejaia,A...",034 10 21 90,bejaiaemballages@yahoo.fr
FILBA,"Bp 270, Zone Industrielle, Route Biskra...",033 89 12 83,filba@texalg.dz
Behlouli Industrie,"38 zone d'activité Medjana,Bordj Bou Arr...",035 87 94 93 / 030 57 57 75 / 0661 11 17 83,sarlbehlouliindustrie@yahoo.fr
Alarbi et Fils,"Zone Industrielle, haouch Lamirat 186, l...",021 76 80 08 / 0550 05 39 94,afcmonofilament@gmail.com
Nouadria Distribution Comptoir,"Cité 100 logements Mohamed El Kourd, lot...",038 42 00 16 / 038 42 00 17,info@nouadriadistribution.com
ATLANTA,"3, hai Ferari Groupe A lot n°25. El Hami...",0790 15 80 76 / 0773 59 75 30,atlantaalger@yahoo.fr
REMSI,"Lotissemet 194 logements .Batiments n°2,...",0661 11 09 01 / 0560 06 69 90,contact@remsi-dz.com
TDA / Textiles Divers Algérie,"Route d'El Alia.Bp n°5.Bab Ezzouar,Alger...",023 83 23 84 / 0560 08 19 95,contact.direction@tdaspa.com
MANUTEXOR,"19, avenue Saim Mohamed ( ex av. St Char...",041 38 21 32 / 041 38 21 74 / 0555 69 16 11,manutexor@yahoo.fr
Aidoud Fil / Aidoud Abderraouf,"Cité Rais n°54.Sidi Moussa,Alger,Algérie",0540 00 26 43,aidoud.fil@gmail.com
CVC AFAK Confection de Vêtements Casque...,"29, rue Mustafa Saidani.Beaulieu.El Harr...",023 82 90 15 / 023 82 90 11 / 0661 51 03 73,cvcafak@yahoo.fr
COBBA / Confection Bordj Bou Arreridj,"Cité du 20 aout 1955.Bp 107,Bordj Bou Ar...",035 72 20 81 / 035 72 20 82 / 0661 73 47 34,eurlcobba04@yahoo.fr
Tafna Confection,"Route de Nedroma.Bp 14.Maghnia,Tlemcen,A...",043 39 78 76 / 0550 15 70 39,tafna_confectiona@yahoo.fr
BD / Bouira Draps,"Route de Tikjda,Bouira,Algérie,10000",026 74 41 95 / 0780 35 81 44,bouiradraps@yahoo.fr
MAPAP / Maison du Pret à Porter,"8, rue Abane Ramdane.Bordj El Kifen,Alge...",021 20 28 06 / 021 20 59 09,mapap_bek@yahoo.fr
SCIDEP,"3, Bois des cars II.Dely Ibrahim,Alger,A...",023 30 84 53 / 023 30 84 55 / 023 30 84 57,info@scidep.com
OUTILSEC,"Cité les Rosiers.G-A, n°33.El Hamiz.Dar...",023 85 36 17 / 023 85 35 17 / 0661 52 30 24 / 0551 38 57 76,outilsec2002@yahoo.fr
GIAP / Général Industrie Articles Paraph...,"Sntp Est.Groupe G, n°15.El Hamiz.Dar El...",023 85 96 81 / 0557 46 10 16 / 0550 84 89 79,giap.dz@gmail.com
Mesbah Malika Confection,"81, Rue Didouche Mourad,Alger,Algérie",021 73 20 35 / 0776 20 40 84,
Cherifi Bio Plus,"Cité la Vallée . lot n°5,Boumerdes,Algér...",024 79 01 66 / 024 79 01 69 / 024 79 01 65 / 0561 78 67 93,fkacisaid@bioplusdz.com
ALSUP / Algeria Single Use Product,"46B, rue Kamal Ladjouz,Bejaia,Algérie,06...",(034)22 51 49,contact@alsup-dz.com
Azhar Confection / Mokrani et Cie,"01, rue Aloui Ahmed.El Kseur,Bejaia,Algé...",034 82 73 33 / 0770 70 02 87 / 0770 45 92 82,contact@confectionazhar.com
C&H Fashion Confection et Habillement,"Zone Industrielle Rouiba.Rn n°5,Alger,Al...",023 85 12 69 / 023 85 12 65,groupecandh@yahoo.fr
Lis Industry,"23, rue Hamidi Said .Birkhadem.,Alger,Al...",021 55 47 05 / 0540 48 94 84,lisindustry48@hotmail.com
SAPISEC / Société de Production Industri...,Siege:Coopérative Immobilière Frantz Fan...,024 87 72 92 / 024 93 75 38 / 0555 03 87 23 / 0555 03 87 24 à 25 / 024 93 73 97 / 024 93 75 38,contact@sapisec.com
Atchi Biomedical,"01, rue Ramoul Abdelaziz,Blida,Algérie",025 21 65 31 / 025 30 00 40 / 0661 91 12 23 / 0661 91 12 24,atchibio@yahoo.fr
Mak Baris Habillement,"101, lot Yassouel Kouider. Zeralda,Alger...",0560 03 12 86,makbaris@hotmail.fr
EPA / Euro Protection Algérie,Cité du 1er Novembre. Ouled Moussa. Bp 7...,024 93 73 89 / 024 93 73 97 / 024 93 75 38 / 0555 03 86 62 / 0770 82 39 09,commercial@europrotectiondz.com
Securi-Plus,"Cité 400 logts, bt 1,Mostaganem,Algérie,...",045 41 73 57 / 0661 37 78 94,contact@securiplus.net
PIMS / Protection Individuelle & Matérie...,"5, chemin Fernane Ruisseau .Hamma .Anas...",021 67 28 28 / 0550 80 08 00,info@pimsdz.com
Ahras Industry,"Zone industrielle oued Smar, lot n°17, E...",023 92 01 39 / 023 92 01 20 / 0655 59 12 60 / 0661 91 19 11 / 0698 10 38 94 / 0555 96 00 19,info@ahras.com
EHC / Etablissement d'Habillage et de Co...,"148, avenue de l'ALN. Caroubier. Hussein...",021 49 72 71 / 021 49 70 71 / 021 49 72 71,ehc-dsm@mdn.dz
HD / HYGIMED Hygiène Médicale,Zone industrielle Dergana. Cité Bordj El...,023 94 07 13 / 023 94 07 14 / 0560 09 90 69,contact@hygimed-dz.com
CHARMED,Rue Djamel Eddine El Afghani Gembetta. E...,041 53 30 80 / 041 53 12 60,charmedsante@yahoo.fr
Taalba,"Route nationale 26, quartier Sonatrach....",034 36 32 37 / 0770 63 08 96 / 0561 81 21 11,mpgi_taalba@hotmail.com
PMPS / Matériel de Protection & de Sécur...,"10, route de Bachdjerah.Cité Maya Prêt H...",021 77 81 49 / 021 77 81 50 / 0557 82 87 00 / 0550 48 76 16 / 0556 08 92 05 / 0560 08 92 06,pmpsdz@yahoo.fr
Phenix Confection,"13, rue Mehdi Hamid. Amizour,Bejaia,Algé...",034 09 82 21 / 0661 84 77 87,phenix.eurl@gmail.com
CSP/ Chaib Sécurité Protection,"26 Route du Kadous Tixraine. Birkhadem,A...",021 40 00 91 / 0556 60 00 31,chaibsecurite@gmail.com
EMAAFE,"Route n°115.Saoula.Birkhadem,Alger,Algér...",021 40 53 50 / 0550 41 74 91 / 0555 54 91 27,contact@securite-emaafe.com
PERISECURE,"12, rue d'Auzia.Hydra,Alger,Algérie",,t.zerouk@perisecure.com
DRIFEX,"4, rue Shekspear El Mouradia,Alger,Algér...",023 52 76 01 / 0770 86 25 76 / 0556 01 53 86,drifex@outlook.fr
Zemmouri Chaouche,"Rue Achak Djamâa.Zemmouri,Boumerdes,Algé...",0669 56 54 07 / 0661 79 96 84 / 0699 38 90 40,z.chaouche16@hotmail.fr
CALTEX,"26B, les Deux Pilliers.Bouzereah,Alger,A...",021 79 95 98 / 0550 41 58 24 / 0550 49 59 03,eurl_caltex@hotmail.com
Ms Protect,Cité 1839 logts Aadl.Sebala n°9.El Achou...,021 31 27 04 / 0770 17 17 50 / 0770 11 31 13,msprotectdz@gmail.com
Difac Algerie,"Boulevard Stiti Ali N°11 2ème Etage ,Tiz...",023 81 95 75 / 0550 41 66 18 / 0560 30 73 16,sarldifacalgerie@gmail.com
INOTIS,"Zone Industrielle II. Es Senia.Bp 62A,Or...",040 21 24 90 / 041 61 76 19 / 040 21 24 90 / 041 61 76 45 / 0560 09 90 69,contact@inotis.com
Mezine Confection,"Cité des 12 logts.Tadmait,Tizi Ouzou,Alg...",026 27 05 01 / 0558 00 84 88 / 0772 71 49 14,contact@mezine-confection.com
CBP / Cherrifi Bio Plus,"Bureau 1, Cité la Vallée n°5,Boumerdes,A...",024 79 01 66 / 0661 65 71 91 / 0661 65 61 35 / 0561 78 67 93,commercial@bioplusdz.com
As Safety,Cité Mohamed El Aid El Khalifa n°48.Hass...,029 79 33 24 / 0770 53 40 42,assafety570@yahoo.fr
FB / Ets F Bektache,"ILOT 99, n04, Nouveau CEM SI EL HAOUES,...",029 73 29 28 / 0772 94 08 01 / 0542 48 14 00,contact.ets.bf@gmail.com
SITAF / Sécurité Industrie Technique Ant...,"Cité Mesdjed El Atik. Hassi Messaoud,Oua...",029 78 20 04 / 0771 29 65 85 / 0661 63 77 31,sitafogx@yahoo.fr
Ets El Nour,"Cité 134 logements, lot N°21.Hassi Messa...",029 78 94 21 / 029 78 94 23 / 0661 73 64 68,etselnour@yahoo.fr
SOLUTECH,"Bloc Wa/2, cité AADL.Sidi Achour,Annaba,...",038 47 80 99 / 0550 56 21 60 / 0782 45 88 78,sarl_solutech@yahoo.fr
Proweld Equipements,50 D.Zone d'Activité Chihani Bachir.El K...,0560 17 01 07,proweld@live.com
Confection Klouche,"Bis Doukhi Maazouz. Bou Ismail,Tipaza,Al...",024 32 84 89 / 0550 90 05 14 / 0662 54 19 54,confectionklouche@gmail.com
BRENTEX,"Plage de fontaine n°3.Ain Benian,Alger,A...",0541 33 15 30 / 0771 54 09 66,brentexalger@gmail.com
FRIKAT Confection Industrielle,LOCAL N°225 A LOTISSEMENT RESIDENTIEL DE...,0560 98 66 44 / 0550 10 66 44 / 0551 86 13 85,frikatconfection@hotmail.fr
TL Securité,"Cité mosquée El Atik.Hassi Messaoud,Ouar...",0661 38 49 19 / 0660 61 84 86 / 0661 38 49 19 / 0660 61 84 85,tlsecuritedz@gmail.com
Chirifi Bio,"Site la vallée, lot n°5, bureau 01,Boume...",024 79 01 66 / 024 79 01 69 / 0661 65 61 35,bioplus-dz@yahoo.fr
GARATEX,"Lot Aissat Idir, Villa n 65 Local A Beni...",021 93 25 68 / 0550 80 44 98,sarlgaratex@yahoo.fr
Confection Mustapha,"28, rue Mohamed Ounoufi.El Madania,Alger...",021 27 75 07 / 0658 99 63 53 / 0797 48 75 94,eurlconfectionmustapha@gmail.com
REDIS,"Cité AADL, Hassi Messaoud,Ouargla,Algéri...",029 78 96 17 / 029 78 96 18 / 0661 41 06 02 / 0661 41 06 04,sarlredis@yahoo.fr
MASSIF,"El Chott,El Oued,Algérie",032 10 95 60 / 0555 92 91 76,massiftex@gmail.com
ALTEX Confection,"Route de Sidi Ahmed,Bejaia,Algérie",034 17 51 34 / 0657 16 11 01 / 0661 28 83 43,
Ikos Wear,Villa 38 residence El Amel Aissat Mustap...,023 84 21 88 / 0555 00 91 14 / 0555 00 91 18,ikoswear@gmail.com
Entreprise de Confection Habillement de...,"03, rue Aibda Said Baghlia,Boumerdes,Alg...",024 74 64 13 / 0550 45 02 15,ets.elwafa@yahoo.fr
CHAMS,"Village de Bouaidel.Ammal,Boumerdes,Algé...",0771 23 55 65,eurlchamsa@gmail.com
Inducotex,"04, place Zeddour Brahim ( ex Place Karg...",041 30 73 43 / 041 30 73 42 / 0560 03 51 93 / 0560 06 03 15,inducotex@outlook.fr
SG MBMC / Société Générale Matériels de...,"Coopérative Immobilière El Amel G3, n°11...",023 70 80 84 / 023 70 85 39 / 023 70 85 44 / 023 70 85 42 / 0558 75 18 38 / 0558 96 00 31,eurl_sgmbmc@yahoo.fr
Big School,"N°58 Kasanova, 01 RDC..Baba Hassen,Alger...",023 334 45 11,big-school@hotmail.com
Jacket's Club,"7, place Port Said Square. Tontonville,A...",021 71 40 67,contact@jackets-club.com
MARYTEX,"12, lot 41.Douera,Alger,Algérie",0550 41 58 41 / 0561 64 63 92 / 0561 64 63 94,marytex@gmail.com
Euro Protection Algerie,Cité du 1er Novembre BP N°76 BIS. Ouled...,024 93 73 89 / 024 93 73 97 / 024 93 75 38 / 0555 03 86 62 / 0770 82 39 09,commercial@europrotectiondz.com
American Depot,"179, rue Hassiba Ben Bouali N°19A, Hamma...",021 67 67 28 / 0560 96 08 98 / 0550 97 51 68 / 0557 70 10 43,info@americandepot-dz.com
Mohamadi Mohamed,"Cité Camps 02, n°54, local A.Kouba,Alger...",023 70 89 06 / 0770 74 54 64,etsmohamadi@hotmail.fr
Holy Clean,"Cité Khoullali Ali, Rue 10 N° 08 APC Les...",0556 64 75 54 / 0770 99 92 60,holycleandz@gmail.com
Entreprise Wacim Tex,Coop Immobilière Aissat Idir.Bordj Menai...,0550 48 17 53,wacimtex@yahoo.com
SAVET / Société Algérienne de Vêtements,"02, rue Saddok Djillali.Douera,Alger,Alg...",023 32 86 46 / 0550 48 21 57,shoufel@savet-dz.com
Great Way,"Zone industrielle, n°210, Classe 07.Zone...",021 85 99 98 / 0560 03 63 54 / 0550 91 38 19 / 0555 06 56 61,saliha.hamek@greatway2.com
Medicina Plast,"Coop Immobilière Omar Ibn Abdelaziz, lot...",036 44 31 66 / 0555 00 92 77,info@medicinaplast.com
EST / Ergonomic Sport Technologie,"110,hai Emir Abdelkader .Bir El Djir,Ora...",041 42 35 00,yassine@afric-sport.com
Chico Sport,"33, route de Tenes.Chettia,Chlef,Algérie",027 73 08 21,sarlchicosport@yahoo.fr
Axion Sport,"Coop Youghourta, n°3 .les Sources .Bir M...",021 44 69 60 / 0555 62 11 94,kettler.bmr@gmail.com
Habri Sports Trading,"Siege Social:14, rue At Tabrizi.Les Sour...",021 54 04 84 / 0556 60 11 05 / 0555 01 55 66,contact@habrisport.net
VIVA SPORT,"Cité Point du Jour rue D, n°8,Oran,Algér...",,
Air Street,"41, rue de la base aérienne.Chéraga,Alge...",0560 96 47 70 / 0560 11 53 00 / 0560 11 50 96,contact@air-street.com
Europa Sport,"5 cité nouveaux Quais, ex rue la Grenoui...",0560 44 82 50 / 0560 62 89 04 / 0561 86 46 50,ines@europasportalgerie.com
Matsuru Sport,"44 parc Ben Omar.Kouba,Alger,Algérie",023 78 59 70 / 0770 93 21 91 / 0770 82 14 96 / 0770 82 14 95,nadia.aitelhadjmatsurur2015@yahoo.fr
Factory Sport,"126, rue Didouche Mourad.Alger Centre,Al...",021 27 77 21 / 0661 90 45 94 / 0661 36 46 52,factorysport@outlook.com
Soca Sport,"34, rue Mohamed Khemisti, Dar El Beida,C...",021 50 83 33 / 0560 03 84 27 / 0560 03 88 24 / 0561 70 54 99 / 0770 52 46 51,socasport@hotmail.com
HM Invest,"Hai Kaidi, groupe 07, lot n°110.Bordj El...",023 94 29 69 / 0550 18 99 98,hm_invest@hotmail.com
UFMSSE / Unité de Fabrication de Matérie...,"35, rue du 8 Mai 1945.Chéraga,Alger,Algé...",021 36 30 93,psaufmsse@yahoo.fr
MELASANE,"Zone Industrielle .35 El Achour,Alger,Al...",0770 94 88 98,commercial.reseau@melasane.dz
Azzi Fouad / MAISON AZZI DE HAUTE COUTUR...,"74 bis, rue Didouche Mourad,Alger,Algéri...",023 50 49 93 / 0550 50 14 89 / 0550 88 88 79 / 0550 80 08 05,azziart@yahoo.fr
Zait Abd El Hamid/ Confection Vertine,"02 Lot. Idriss Bouzareah,Alger,Algérie",0661 66 45 35 / 0771 07 02 68,bbamir2001@gmail.com
Haute Couture Laroussi Lyes,"38, Bd Souidani Boudjemaa,Alger,Algérie",0770 18 16 02 / 0558 79 61 65,
VETLUX,"03, rue Docteur Saâdane,Alger,Algérie",021 63 25 24 / 021 63 24 33 / 0661 52 27 18,elvis.yacine@yahoo.fr
Fondia,"9 Faubourg des martyrs,Bordj Bou Arreri...",035 72 21 21 / 035 72 20 20 / 0770 82 22 88,fondia34@yahoo.fr
ABEILA,"14, boulevard Mohamed V,Tlemcen,Algérie",043 42 22 36 / 0770 94 94 24,leizerh@yahoo.fr
ZOUINA,"Local n°7, 110 lotissement Militaire n°...",0550 47 43 53,
Prati Vet,"14, rue des fréres Sahraoui .Larbaâ,Blid...",025 34 12 86 / 0555 28 17 82,prati_vet@live.fr
Confection Numidia,"11, route Kerrad Rachid,Tizi Ouzou,Algér...",026 19 95 91 / 0561 61 91 42 / 0561 61 93 45,numidia26@yahoo.fr
Saighi Yassine,"Les allées Ben Boulaid BP 66,Batna,Algér...",0770 44 23 58 / 0553 21 58 26,citex.saighi@yahoo.fr
SP / Speed Protection,"Hai Emir Abdelkader, ilots 110.Lot n°34....",041 82 96 32 / 0561 61 39 11 / 0770 16 65 62,Speedprotection@gmail.com
Ouadhi H,Cité Abderrahmane Taalibi n°04.Dar El Be...,023 81 09 34 / 0661 83 42 44 / 0661 83 55 57 / 0661 58 14 82,ouadhih@gmail.com
Maison Gaouar le Traditionnel,"44 C, chemin Sidi Yahia.La Petite Proven...",023 54 42 04 / 0550 22 92 92,
Bouchelouh Samir,"07, rue Mohamed Khemesti.Koléa,Tipaza,Al...",0661 66 45 35,yadbbsamir@hotmail.fr
Chemiserie 2000 Bossi Jocamo,"48, lotissement Vincent.Bouzeréah,Alger,...",021 90 16 43 / 0661 51 31 07,chemiserie2000@hotmail.com
Amri Samia,"Cité 05 juillet.Sidi Daoud,Boumerdes,Alg...",0771 51 31 47 / 0670 12 06 98,
Trio Fixe,"52, rue Marcello Fabri, n°24. Les Source...",023 54 40 38 / 0555 02 87 96 / 0555 02 87 98,eurl-triofixe@hotmail.fr
FRIMAVET,"05, rue Amrani Noureddine. Es Sedikia,Or...",041 74 98 00 / 041 74 97 79 / 0696 20 89 31,frimavet@yahoo.fr
Oran Protection,"42, bd Adda Benaouda. Plateau,Oran,Algér...",041 41 10 48 / 0661 20 06 85 / 0560 78 96 13 / 0770 71 07 04,contact@oranprotection.com
OMNIA,"Cité Communale 2ème, etage n°21. Ain Mli...",0557 84 17 54,imane.abkll@gmail.com
Kasr Lala Meriem,"Lotissement F, n°20. Draria,Alger,Algéri...",023 26 89 40 / 0541 98 59 60,
Guechi Noureddine,Les Dunes de Sables.Sidi Local n°A1.Chér...,0771 07 02 68,bbsamir2001@gmail.com
Chic Mode,"Local 16/17, avenue Houari Boumediene, B...",0551 22 04 84,amernaitmohad@gmail.com
Rynouz Import,"33, coop El Yasmine. Draria,Alger,Algéri...",0560 03 09 98,i.riad@hotmail.fr
Rachid Djafer Prêt a Porter,"19, impasse Vercors. Air de France .Bouz...",023 27 04 60 / 0771 94 25 94,algconfex@hotmail.com
HOSNATEXT,"13, rue Boudhane Houcine .Hamma Bouziane...",0661 30 41 56 / 0560 36 82 01,hosnatex208@gmail.com
Amir Resal,Rue 1er Novembre local n°01.Ain Fakroune...,0696 31 85 34 / 0552 33 00 48,tiwaghoul1988@gmail.com
Wsteele World Wide Bisiness,"Cité El Mardja, section 08, groupe 408,...",0669 74 32 38,beghoura1@hotmail.fr
Fay Ben,"25, rue Ahmed Zabana.Sidi M'hamed,Alger,...",021 73 85 27 / 0661 51 16 21,faycalbensemra@gmail.com
Baby Junior,Lotissement El Yasmine.Extension n°30.Dr...,023 33 20 81 / 0661 51 93 77 / 0770 65 46 65 / 0560 97 60 63,s-babyjunior@hotmail.com
SODIMAF,Zone industrielle.Route de la Briqueteri...,023 57 01 33 / 0770 82 94 26,contact@theramaf.com
B.L.N.G Clothing Company,"Hai Ain Naadja,Lot n° A 04, Centre Comme...",021 20 36 09,lamineahmed@yahoo.fr
La Maison de La Cravate / Amirouche Etab...,"26, rue Abane Ramdane. Alger Centre,Alge...",023 50 23 41 / 0770 91 06 60,mohamedamrouche@hotmail.com
HABITEX,"Rue Belhocine Said, Hammam Bouhdjar. 462...",0661 22 70 26,snc.habitex@gmail.com
ACED / L'algerienne des Cuirs et Dérivés...,"Zone industrielle K'Chida.Bp 89, allées...",033 22 25 13 / 033 22 25 26 / 033 22 25 27 / 0550 74 96 76,magabatna@yahoo.fr
Galion Algérie,"Section 06.Ilot de propriété, n°284.Hamm...",0982 40 02 70 / 0982 50 54 57 / 0982 50 54 58 / 0555 02 29 39 / 0555 02 29 36 / 0555 02 29 35 / 0770 99 19 82 / 0770 99 19 83 / 0770 99 19 84,contact@galionalgerie.com / info@galion.com
Crin Blanc,"El Attrouche Bedaa, Région Belghnem,Ghar...",029 86 48 46 / 023 86 71 55 / 023 86 71 56 / 0550 07 83 56 / 0655 19 03 26,info@crinblanc.com
Smart / Setif,"Route de Batna. El Eulma,Setif,Algérie,1...",036 63 54 96 / 0661 39 00 42 / 0671 40 12 22,sarlsmartconfection@gmail.com
Grine Zohra,"Locaux d'artisanales de Damiette,Medea,A...",0551 91 24 75,
Hout Massaouda,"Rue Tidjani Tablat,Medea,Algérie",0792 95 03 58 / 0550 83 22 59,
Saidoun Fatiha,"Lotissement Mouhoubi,Medea,Algérie",,
Royaume de la Mariee Ania,"Riadh El Feth, niveau 108, n°293,Boumerd...",0798 62 44 38,samira2009@hotmail.fr
Chebourou Mohamed Yahia,"Local n°01. Hammam Boughrara Centre,Tlem...",043 53 91 06,chebouroumohammedyahya@gmail.com
Coin Couture,"89, Bois des Cars 1. Dely Ibrahim,Alger,...",023 30 88 08 / 0660 40 85 25,asma_assassi@hotmail.fr
Indiana PCO,"26, rue Taleb Messaoud, local C.El Biar,...",023 37 76 26 / 0773 49 49 27,india.fashion68@gmail.com
All Stores TRADING,Lot 109 Sidi Abad Tessala El Merdja.Birt...,0770 27 83 87 / 0770 49 13 71 / 0770 41 15 72 / 0770 96 57 52,allstores-alger@hotmail.com / info@allstoresalgerie.com
Ammari Stores,"Cité Garidi 1, logts 310, Bt 13(B_2B)....",0561 67 53 80 / 0666 76 00 01,contact@stores-ammari.com
Ezzaoui Couture Artistique et décor Géné...,"Cité El Moudjahedine,El Oued,Algérie,390...",032 21 63 70 / 0770 97 31 13,zaoui_tf@yahoo.fr
ASTALAVISTA,Centre Commercial & d'affaire Mohammadia...,0770 27 22 81 / 0770 27 26 70 / 0770 91 95 59,info@astalavista-dz.com / structure@astalavista-dz.com
Tizi Housse,"Rue Aït Mouloud,Tizi Ouzou,Algérie",026 19 83 99 / 0771 68 22 26,
GT Store / Général Top Store,"1460 lot, Compagne Semmar, lot n°1. Bir...",0551 09 59 75 / 0669 26 91 44,info@gtstor.com
Mondialisation Import Export,"Cité Beni Aissa. Taher,Jijel,Algérie",,zelitf@yahoo.com
Confection El Fouara,"Cité Laarassa,Setif,Algérie,19000",036 51 90 98 / 0770 31 16 33 / 0770 91 86 74 / 75,confection-elfouara@gmail.com
Literie Belit,"14, rue Abi Ayad Abdelkrim Pasteur,Tlemc...",043 57 63 46 / 0555 03 39 65 / 0661 44 66 44,sarlbelit@gmail.com
ID MAISON,"Cité Emir Abdelkader, cooperative Hachem...",0770 63 86 22 / 0559 47 06 14,charakhaled@idmaison.net
Les Dentelles Sahariennes,"Zone industrielle Bp 67. El Guerrara,Gha...",029 22 84 70 / 0550 70 43 48 / 0658 42 53 22 / 0770 94 55 96,dentel_sahara@yahoo.fr
Royal Stores / Gharzouli,"3, rue herrag Med Snoussi. Bd des entrep...",0655 72 12 60 / 0550 97 78 10 / 0774 45 57 61,foued1977@live.com
ALTEXI / Algerie Textiles Industrie,"Zone industrielle Bp 177 Guerrara,Gharda...",029 22 83 70 / 0771 71 37 49 / 0553 00 92 31,ahmedmerdoukh@yahoo.fr
CAPEX,"Cité Sidi Abdelkader, Bt 05. Ap 22,Blida...",0661 67 03 90,goutexal@yahoo.fr
Prestige Home,"Lot Ben Slam, villa n°09.Hussein Dey,Alg...",0542 22 46 85,prestige7@gmail.com
Douce Altesse,"300 lots cité Yahiaoui, rue Fertas Lamri...",036 52 28 77 / 0561 64 96 67 / 0561 64 99 89,douce.altesse.alg@gmail.com
Mark D'Or,"36, rue Polyclinique Bou Ismail,Tipaza,A...",0550 68 98 35,markdor42@yahoo.com
Ryan's Quality Products,"11, lotissement Benyettou, Bourouba.El H...",0552 08 14 30,zinott@gmail.com
Yasra Tex,"06, lot Abane Ramdane.Koléa",0561 52 17 27,eurlyasratex@gmail.com
FED Services / Food Equip & Déco Service...,"Lot, Boursas, résidence belle Vue, n°06B...",0771 94 82 04,service.zagho@ymail.com
2BTEX,"05, rue Hadid Mohamed Savignon,Oran,Algé...",041 84 63 00 / 0550 57 58 24,twob31@gmail.com
Panim Tex,"79, rue 1 Novembre.Rouiba,Alger,Algérie",0550 05 38 08 / 0560 98 42 46 / 0560 98 49 30,panimatex@hotmail.com
Rideau Imad Al Deen,Baba Hassen ( entrée principale l'autour...,0557 88 30 83 / 0556 08 17 90,
As Akli Serviette,"18, rue Djabour Maame, ville nouvelle,Or...",0550 19 79 19,aklitowel@hotmail.com
Draps de l'Algeroise,"Bazar Café Chergui, Bordj el Kiffan,Alge...",0553 86 74 84,
two-B Textile,"05, rue Haddidi Med Savignon",0550 57 58 44,twob31@gmail.com / contact@twobtextile.com / charge.publicite@gmail.com
Imprimerie Harani,"14, Boulevard Bouaouina Béjaia,Bejaia,Al...",0770320670,contact@imprimerie-harani.com
Maison Du Drapeau / Broderie Royale Alge...,Showroom 1: Rn n°1. Ain Ouessera. Bp 273...,027 80 40 40 / 023 82 30 81 / 023 82 30 89 / 0560 93 99 44,info@maisondudrapeau.com
GMBM / Général Mercerie Bonneterie Maroq...,"19, zone d'activité Moule El Diouane . D...",0661 52 44 58,gnmbmbbk@yahoo.fr
CADRAF / Cadres & Drapeaux Africains,"19, rue Benmatti Abdelwahab. Belle Vu,Co...",031 93 39 01 / 0550 13 82 29,cadraf2015@gmail.com
Imprimerie Bennaceur Moderne,"Cité Sii-Elhoues, 1850 Logements, Hassi...",0660 34 81 29,
Achouche Bouzid,"06, rue Taleb Boudiaf Mohamed.Cité Douan...",0550 20 49 06,
Mehand Baleh,"150, rue Ighil Bouzel.Azazga,Tizi Ouzou,...",0778 16 68 93 / 0770 52 08 58,baleh25@hotmail.com
Al Khaldi Brothers Company,Bt.14.Cité Masdjid El Atik .Hassi Messao...,029 73 52 48 / 0661 39 75 70,akbc_hse@yahoo.fr
PANARTHRO,"Lotissement les Palmiers, n°110.Souidani...",021 38 05 97 / 0550 38 53 87 / 0560 05 50 55,info@panarthro.com
FADERCO,"Zone Industrielle des Eucalyptus, lot n°...",,hhamla@faderco.dz
HYPRO / Hygienic Product,"Zone industrielle Abou Tachefine,Tlemcen...",043 38 92 78 / 043 38 92 79 / 043 38 02 31,amine.lachachi@gmail.com
Dental Ouest,"41, rue Cheriet Ali Chérif(ex Caviniac),...",041 33 25 40 / 0550 57 23 88,dentalouest@hotmail.fr
SOCOTHYD,"Issers,Boumerdes,Algérie,35230",0550 76 51 08 / 0560 22 41 05,contact@socothyd.com / marketing@socothyd.com
VICRALYS,Résidence Chaabani Lot 09 BT 06 Val D'Hy...,021 60 72 70 / 0770 96 97 65 / 0661 51 87 58 / 0770 92 25 52,zidanesarah1@gmail.com
DMCM Import-Export,"Lotissement 122.Oued Rhiou,Relizane,Algé...",046 78 00 66 / 046 78 00 67 / 0661 29 36 62 / 0661 29 36 74,eurldmcm1@gmail.com
CONDOMED,"Route G.Guerrouaou.Boufarik,Blida,Algéri...",0982 40 21 83 / 023 52 12 04 / 025 48 01 76 / 0555 08 62 15,contact@condomed-dz.com
Lyn Pansements,"Zone d'activité.Lot13.Zeralda,Alger,Algé...",023 20 81 23 / 0549 66 89 32 / 0661 41 12 22 / 0661 53 48 00 / 0553 97 03 82 / 0549 66 89 32 / 0771 4,lynpansement@hotmail.fr
PROMEDAL / Progress Medical Algérie,"Zone industrielle,route de Chetouane n°1...",043 27 12 12 / 043 27 11 11 / 043 27 14 14 / 0555 00 38 67,contact@promedal.com
ABN Médical / Fabrication des Dispositif...,Chaabet Lachebor .Hai Touzouz,0657 60 94 53 / 0661 35 15 93 / 0560 42 87 51 / 0561 86 87 33,abnmedica@gmail.com
MALPACO / Manufacture Algerienne de Pans...,"Route Hattatba. Oued El Alleug,Blida,Alg...",025 42 13 37,
DENTAMINE,"Cité des Frères Khezzar 742 logts n°02,B...",0550 89 41 41 / 0660 49 14 14,aminenfs@hotmail.fr
BIOCOS Laboratoires,"Faubourg17 octobre 1961,lots 106 , n°09,...",035 69 38 38 / 0560 33 36 96,biocoslaboratoire@gmail.com
SAFFEC,"Zone industrielle n°3.Chetouane,Tlemcen,...",043 27 21 00 / 043 27 31 64 / 043 28 62 10 / 043 28 62 11,saffec@yahoo.fr
REPARTIDIS,"Rue Ali Bouregua.Beni Tamou,Blida,Algéri...",0550 20 61 55 / 0560 71 72 43,repartidis@gmail.com
Brahimi Nawel Ep Guebai,"La Ferme blanche, Cité de Frères Rahabi,...",0549 09 84 35,g.nanou@yahoo.fr
EPS Algerie,"Cité Chouhada n°55.Dar El Beida,Alger,Al...",023 74 78 10 / 0550 10 18 48 / 0661 66 55 66,contact@sarlepsalgerie.com
Felix Company,"Benazzouz El Meki,Mila,Algérie",031 47 88 32 / 0542 34 34 40,sarlfelix@hotmail.com
Scalar Analytique,Cité 17 octobre 1962. lot 2 .Djisr Kasse...,023 53 21 02 / 0661 58 58 54,scalar_analytique@yahoo.fr
SAMETTEX,"05, route Sidi Moussa.Baraki,Alger,Algér...",021 53 32 19 / 021 53 38 18 / 021 53 19 45,samettex10@gmail.com
Arcon Adhésif,"5, rue de l'Oued la Glacière .Bachedjara...",021 26 77 92 / 021 26 58 01,arcon.adhesif@yahoo.fr
SAIM Textiles,Zone industrielle.Lot 49.Route de M'sila...,035 87 31 16 / 035 87 31 17 / 0550 78 83 35 / 0550 38 42 89,saimtextiles@yahoo.fr
Naili Abdelhak,"Zone industrielle, n°3.Bordj Menaiel,Bou...",024 88 62 05 / 0661 63 50 02,ets_naili@yahoo.fr
Divindus AMM / Unité Oued Smar ex LITMOD...,"1, route de Meftah.Bp 65.Oued Smar,Alger...",021 51 61 01 / 021 51 60 66 / 021 51 60 65,litmod@divindusamm.dz
Condor Matelats / Taleb Ahmed,"Village Amyis Tala Toulmouts, Axe de Aza...",0667 83 05 14 / 0661 66 01 94,info@condor-matelas.com
Com Continental,Zone d'activité El Amirette BP 69.BARAKI...,023 90 34 03 / 023 90 34 02 / 0550 49 51 74,info@continental-dz.com
SMS / Société Matelas Souf,"Zone Industrielle, route de Tébessa,El O...",,matelas.souf@gmail.com
Alouani Textile,"83, rue F, secteur D. Cherchar,Bordj Bou...",035 66 62 12 / 0661 37 02 92,walid.alouani@yahoo.fr
Boudali Mohamed,"Hai Ouled Brahim.Lot n°06,Boumerdes,Algé...",0550 67 97 79 / 0661 45 33 79,pro.matelas@hotmail.fr
Styl Mousse,"Zone Industrielle Es Senia.Bp 74,Oran,Al...",041 51 51 01 / 041 51 51 02 / 0770 30 42 34 / 0542 75 11 85,stylmousse@yahoo.fr
ISOBULL,Zone Industrielle Es Senia.Lot 66.El Ker...,041 21 72 20 / 0661 20 02 19 / 0560 99 02 69,isobull@gmail.com
KLM - King Literie Moderne,"Zone Industrielle.4, rue Aboutachefine b...",0550 26 77 77 / 040 91 77 77,kingmatelas@yahoo.fr
Le Monde du Confort,Nord de la route Meftah.Eucalyptus.Larba...,0560 98 60 17 / 0560 98 68 23 / 0560 98 68 27 / 0555 77 96 62,commercial@lemonde-du-confort.com
El Fath,"Route de Biskra .BP 169 .Barika,Batna,Al...",0555 71 01 10 / 0555 71 01 00 / 0550 95 11 13 / 0770 58 50 06 / 0555 05 37 44,spaelfath@yahoo.fr / exp@spaelfath.com / spaelfathspaelfathcommercial@gmail.com
Literie Maghrebine,"Desserte n°4, zone industrielle, route d...",,lit-mag@hotmail.fr
CONFOFLEX,"17, rue Mahmoud Matiben.Les Sources.Bir...",021 44 82 55 / 0661 59 25 30 / 0560 00 50 66 / 0560 00 50 74 / 0661 72 63 47,confoflex@gmail.com
Literie le Printemps,VILLA N°6 RUE KHOUDJET EL DJELD LES SOUR...,0770 30 06 35 / 0550 71 86 20,nabilnebbache@gmail.com
MANTAL / Manufacture de Tissage d'Articl...,"45, Boulevard Mohamed V,Tlemcen,Algérie",043 26 52 47 / 043 27 14 94,mantal@texalg.dz
El Djazira Textiles Sebti et Co,"35, rue Khelifi Abderahmane .Chelghoum L...",031 48 16 16 / 0560 06 00 54 / 0560 06 00 57,eldjaziratextiles@yahoo.fr
LACHATEX,"07, faubourg Sidi Othmane.Zone Industrie...",043 27 61 41,sarl_lachatex_dz@yahoo.fr
KIDALG,"6, rue Colbert. Colonne Voirol.Hydra,Alg...",0550 71 02 13,sarlkidal@gmail.com
MCL / Maison des Convertibles et des lit...,"Zone Industrielle, voie n°2. Lot 13. Es...",041 51 51 37 / 041 51 51 36 / 0555 03 01 73,sarl_mcl@yahoo.fr
DOODLES,"Batna,Algérie,Cité Adrar",0541 48 85 82,doodles.dz@gmail.com
Bouchenafa Sadika,"Hamadi Centre,Boumerdes,Algérie",0560 61 60 70 / 0560 61 39 59 / 0555 23 97 77,sarltravil@gmail.com
Ste Nord Fabrication de Literie,"Cité Oueld Brahim, lot n°06, groupe n°77...",0550 58 09 58 / 0554 35 97 61,primaflex28@hotmail.fr
Cris Confection,"Avenue 1er novembre Sidi-aich,Bejaia,Alg...",034 26 39 08 / 0556 42 56 21 / 0697 30 61 57,etscris@gmail.com
Kount Textile,"Cité Djillali Ahmed, lot 24.Staoueli,Alg...",023 39 34 20 / 0550 40 42 70,mohamedkount@yahoo.fr
SAFA IST,"Kader Si Kadri n°4.Ain Beniam,Alger,Algé...",0550 41 59 66,asma_moddz@yahoo.fr
Manzily Meuble et Matelas,"Cité Zabana Centre,Blida,Algérie",0561 60 81 10 / 0559 74 31 64 / 0553 00 39 14,info@manzilydz.com
Groupe MEK Investissement,"Zone industrielle,Sidi Bel Abbès,Algéri...",0560 17 86 93 / 0556 08 26 10,groupemek@gmail.com
DODO,"20B, Bd Franklin Roosevelt.Alger Centre,...",0555 04 30 02,masterhotellerie@yahoo.fr
Nasa Confort,"Cité Ben Turia. Boudouaou,Boumerdes,Algé...",0550 45 11 90,riadsalhi3@gmail.com
Lit Mag EMBALLAGE,"Industrial Zone, service 05. Chetouane,...",,lit-mag@hotmail.fr / litmag-emballage@outlook.fr
AMP,"15B, zone Industrielle Desserte n°05.Che...",043 27 60 70,eurl.amp@hotmail.fr
Matelas Atlas,Siége et Unité de production:Zone Indust...,0770 32 10 42 / 0558 67 11 92 / 0554 34 47 06 / 0776 03 27 17 / 043 27 70 80 / 043 27 70 81,contact.tlemcen@atlasmatelas-dz.com
Texfas Trade Invest,"Zone Industrielle de Hassi Messaoud,Ouar...",029 74 65 35 / 0560 91 83 94,texfassarl@outlook.fr
Literie El Djazira El Assila,Rue Des Frères Klouaz. B 159. Cherarba....,023 97 36 89 / 0550 03 03 61 / 0770 23 44 62,abderrahmaneaouadi@yahoo.fr
Delta Home Star,"Cité SNTP, groupe D, n°04, local 01. Dar...",0661 53 35 33 / 0661 53 35 33,info@delta-groupe.com
Literie Firachi,"Cité Aissat Mustapha. Reghaia,Alger,Algé...",0794 86 72 80,literie.firachi@gmail.com
DMMCA,"Cité 385 logts, bt 45.Gue de Constantine...",021 47 97 00 / 0558 68 98 34 / 0550 90 60 13,sarldmmca2019@gmail.com
Nouhadil Literie,"Rue Mehdi Mohamed, lot 2. Birtouta,Alger...",0665 43 63 36 / 0553 59 76 26 / 0661 80 46 78,nouhadil@hotmail.fr
Essor Home Tex,"4, lot 28, local 1/2. Messerghin,Oran,Al...",0777 75 12 23 / 0555 27 57 10,
Tassira,"01, hai Assalam.Sidi Boukhris.Khracia,Al...",0555 01 54 98,tassilit2018@gmail.com
Master Factory / Le Bon Dodoo,"20, hai Oulad Brahim. Draa Elaaz, lot 10...",0555 04 30 02 / 0555 04 30 03,master.factory@yahoo.com
COMAPEX,"26, bd Maata Mohamed Habib. Cité El Emir...",0558 86 36 58 / 0550 32 10 65 / 0550 84 19 05,kacemalgeria@yahoo.fr
SOFACT Tissemsilt,"Zone industrielle, route d'alger. Bp 172",,tda2017tissemsilt@gmail.com
Marina Trade,Rue Frères Azizou. El Marwa Building. Hy...,0542 91 29 77,
CNC COMMUNICATION Tlemcen,"Boulevard Derrar Abderrahmane, Tlemcen",0657557700,cnc.tlemcen@gmail.com